feature1,feature2,r,abs_r,exact_equal
SWDR_W_m__max,SWDR_W_m__peak_to_peak,1,1,True
raining_s__max,raining_s__peak_to_peak,1,1,True
raining_s__q25,rain_mm__q25,1,1,False
PAR_mol_m_s__max,PAR_mol_m_s__peak_to_peak,1,1,True
rain_mm__max,rain_mm__peak_to_peak,1,1,True
max_PAR_mol_m_s__max,max_PAR_mol_m_s__peak_to_peak,1,1,True
p_mbar__mean,p_mbar__rms,0.999999885385768,0.999999885385768,False
H2OC_mmol_mol__rms,sh_g_kg__rms,0.99999843258969,0.99999843258969,False
H2OC_mmol_mol__mean,sh_g_kg__mean,0.999998417897115,0.999998417897115,False
rho_g_m_3__mean,rho_g_m_3__rms,0.999998314955109,0.999998314955109,False
Tpot_K__mean,Tpot_K__rms,0.999998114460053,0.999998114460053,False
H2OC_mmol_mol__q75,sh_g_kg__q75,0.999997856655953,0.999997856655953,False
H2OC_mmol_mol__median,sh_g_kg__median,0.999997743013183,0.999997743013183,False
H2OC_mmol_mol__max,sh_g_kg__max,0.999997567101868,0.999997567101868,False
H2OC_mmol_mol__q25,sh_g_kg__q25,0.99999742237743,0.99999742237743,False
H2OC_mmol_mol__min,sh_g_kg__min,0.999997357255737,0.999997357255737,False
H2OC_mmol_mol__slope,sh_g_kg__slope,0.999996212594728,0.999996212594728,False
H2OC_mmol_mol__skew,sh_g_kg__skew,0.999993391267696,0.999993391267696,False
H2OC_mmol_mol__diff_mean,sh_g_kg__diff_mean,0.999992962257406,0.999992962257406,False
H2OC_mmol_mol__kurtosis,sh_g_kg__kurtosis,0.999989926785968,0.999989926785968,False
H2OC_mmol_mol__std,sh_g_kg__std,0.999986031987248,0.999986031987248,False
H2OC_mmol_mol__crest_factor,sh_g_kg__crest_factor,0.999980519462883,0.999980519462883,False
H2OC_mmol_mol__peak_to_peak,sh_g_kg__peak_to_peak,0.999978981078189,0.999978981078189,False
H2OC_mmol_mol__diff_std,sh_g_kg__diff_std,0.999975628139666,0.999975628139666,False
H2OC_mmol_mol__iqr,sh_g_kg__iqr,0.999969500649285,0.999969500649285,False
SWDR_W_m__q75,SWDR_W_m__iqr,0.999952276920989,0.999952276920989,False
VPact_mbar__mean,VPact_mbar__rms,0.999921777782145,0.999921777782145,False
H2OC_mmol_mol__mean,H2OC_mmol_mol__rms,0.999920452303211,0.999920452303211,False
sh_g_kg__mean,sh_g_kg__rms,0.999919948352113,0.999919948352113,False
H2OC_mmol_mol__mean,sh_g_kg__rms,0.999919474398412,0.999919474398412,False
H2OC_mmol_mol__rms,sh_g_kg__mean,0.999917778688801,0.999917778688801,False
max_PAR_mol_m_s__q75,max_PAR_mol_m_s__iqr,0.999910202880515,0.999910202880515,False
PAR_mol_m_s__q75,PAR_mol_m_s__iqr,0.999901859815449,0.999901859815449,False
H2OC_mmol_mol__diff_std,VPact_mbar__diff_std,0.999897254423439,0.999897254423439,False
VPact_mbar__diff_std,sh_g_kg__diff_std,0.999870046116689,0.999870046116689,False
H2OC_mmol_mol__q25,VPact_mbar__q25,0.999829584122474,0.999829584122474,False
VPact_mbar__q25,sh_g_kg__q25,0.999827432577945,0.999827432577945,False
H2OC_mmol_mol__min,VPact_mbar__min,0.999825002749398,0.999825002749398,False
VPact_mbar__min,sh_g_kg__min,0.999823575760127,0.999823575760127,False
H2OC_mmol_mol__median,VPact_mbar__median,0.999820404268234,0.999820404268234,False
VPact_mbar__median,sh_g_kg__median,0.999818536953817,0.999818536953817,False
H2OC_mmol_mol__mean,VPact_mbar__mean,0.999818069271014,0.999818069271014,False
VPact_mbar__mean,sh_g_kg__mean,0.999817260385327,0.999817260385327,False
H2OC_mmol_mol__rms,VPact_mbar__rms,0.999815963518083,0.999815963518083,False
VPact_mbar__rms,sh_g_kg__rms,0.999815181191358,0.999815181191358,False
H2OC_mmol_mol__q75,VPact_mbar__q75,0.999799140213985,0.999799140213985,False
VPact_mbar__q75,sh_g_kg__q75,0.999797306532946,0.999797306532946,False
T_degC__diff_std,Tpot_K__diff_std,0.999794542040344,0.999794542040344,False
H2OC_mmol_mol__max,VPact_mbar__max,0.99976830453791,0.99976830453791,False
VPact_mbar__max,sh_g_kg__max,0.999768115788501,0.999768115788501,False
H2OC_mmol_mol__mean,VPact_mbar__rms,0.999744287182983,0.999744287182983,False
VPact_mbar__rms,sh_g_kg__mean,0.99974243585497,0.99974243585497,False
H2OC_mmol_mol__rms,VPact_mbar__mean,0.999732048188604,0.999732048188604,False
VPact_mbar__mean,sh_g_kg__rms,0.999731812015289,0.999731812015289,False
H2OC_mmol_mol__diff_mean,VPact_mbar__diff_mean,0.999702793809942,0.999702793809942,False
VPact_mbar__diff_mean,sh_g_kg__diff_mean,0.999700534080225,0.999700534080225,False
VPact_mbar__slope,sh_g_kg__slope,0.999690425737787,0.999690425737787,False
H2OC_mmol_mol__slope,VPact_mbar__slope,0.999687919998683,0.999687919998683,False
OT__mean,OT__rms,0.999649355504635,0.999649355504635,False
VPact_mbar__crest_factor,sh_g_kg__crest_factor,0.999622478055294,0.999622478055294,False
H2OC_mmol_mol__crest_factor,VPact_mbar__crest_factor,0.999618247770905,0.999618247770905,False
Tlog_degC__mean,Tlog_degC__rms,0.99959831035405,0.99959831035405,False
VPact_mbar__std,sh_g_kg__std,0.999546418194197,0.999546418194197,False
H2OC_mmol_mol__std,VPact_mbar__std,0.999544031156921,0.999544031156921,False
H2OC_mmol_mol__peak_to_peak,VPact_mbar__peak_to_peak,0.999521972838404,0.999521972838404,False
VPact_mbar__peak_to_peak,sh_g_kg__peak_to_peak,0.999516618554921,0.999516618554921,False
SWDR_W_m__slope,PAR_mol_m_s__slope,0.999512340965354,0.999512340965354,False
H2OC_mmol_mol__iqr,VPact_mbar__iqr,0.999489587464714,0.999489587464714,False
VPact_mbar__iqr,sh_g_kg__iqr,0.999464507314008,0.999464507314008,False
VPmax_mbar__mean,VPmax_mbar__rms,0.999383968982276,0.999383968982276,False
SWDR_W_m__median,PAR_mol_m_s__median,0.999292510387553,0.999292510387553,False
SWDR_W_m__mean,PAR_mol_m_s__mean,0.999291283381507,0.999291283381507,False
SWDR_W_m__diff_mean,PAR_mol_m_s__diff_mean,0.999195191687425,0.999195191687425,False
SWDR_W_m__iqr,PAR_mol_m_s__iqr,0.999147405604871,0.999147405604871,False
SWDR_W_m__q75,PAR_mol_m_s__iqr,0.999130514115001,0.999130514115001,False
SWDR_W_m__q75,PAR_mol_m_s__q75,0.999125504658457,0.999125504658457,False
SWDR_W_m__rms,PAR_mol_m_s__rms,0.999049482730768,0.999049482730768,False
H2OC_mmol_mol__kurtosis,VPact_mbar__kurtosis,0.999040378401304,0.999040378401304,False
VPact_mbar__kurtosis,sh_g_kg__kurtosis,0.999017346236455,0.999017346236455,False
SWDR_W_m__iqr,PAR_mol_m_s__q75,0.999008357344435,0.999008357344435,False
SWDR_W_m__std,PAR_mol_m_s__std,0.998810628540624,0.998810628540624,False
VPact_mbar__skew,sh_g_kg__skew,0.998769554922768,0.998769554922768,False
rh__mean,rh__rms,0.998764571359662,0.998764571359662,False
H2OC_mmol_mol__skew,VPact_mbar__skew,0.998759914308024,0.998759914308024,False
SWDR_W_m__diff_std,PAR_mol_m_s__diff_std,0.998670200606693,0.998670200606693,False
max_PAR_mol_m_s__q25,PAR_mol_m_s__q25,0.998076043607613,0.998076043607613,False
VPact_mbar__mean,VPact_mbar__median,0.997986545618023,0.997986545618023,False
H2OC_mmol_mol__mean,H2OC_mmol_mol__median,0.997974035599698,0.997974035599698,False
H2OC_mmol_mol__median,sh_g_kg__mean,0.997969940858714,0.997969940858714,False
H2OC_mmol_mol__mean,sh_g_kg__median,0.997968631211485,0.997968631211485,False
sh_g_kg__mean,sh_g_kg__median,0.997967852574817,0.997967852574817,False
T_degC__std,Tpot_K__std,0.997914773314281,0.997914773314281,False
SWDR_W_m__skew,PAR_mol_m_s__skew,0.997864039804666,0.997864039804666,False
Tdew_degC__mean,Tdew_degC__median,0.997863971668373,0.997863971668373,False
H2OC_mmol_mol__median,VPact_mbar__mean,0.997833765530153,0.997833765530153,False
VPact_mbar__mean,sh_g_kg__median,0.997828950510945,0.997828950510945,False
VPact_mbar__median,VPact_mbar__rms,0.997799264504746,0.997799264504746,False
H2OC_mmol_mol__median,H2OC_mmol_mol__rms,0.997782642071172,0.997782642071172,False
H2OC_mmol_mol__median,sh_g_kg__rms,0.997779530505804,0.997779530505804,False
sh_g_kg__median,sh_g_kg__rms,0.997777139441355,0.997777139441355,False
H2OC_mmol_mol__rms,sh_g_kg__median,0.997776954105056,0.997776954105056,False
H2OC_mmol_mol__mean,VPact_mbar__median,0.997771223018356,0.997771223018356,False
VPact_mbar__median,sh_g_kg__mean,0.997767488467128,0.997767488467128,False
H2OC_mmol_mol__median,VPact_mbar__rms,0.997650055239083,0.997650055239083,False
VPact_mbar__rms,sh_g_kg__median,0.997644983630812,0.997644983630812,False
H2OC_mmol_mol__rms,VPact_mbar__median,0.997574414115739,0.997574414115739,False
VPact_mbar__median,sh_g_kg__rms,0.997571628495393,0.997571628495393,False
T_degC__peak_to_peak,Tpot_K__peak_to_peak,0.99744223639946,0.99744223639946,False
p_mbar__median,p_mbar__rms,0.997385693304179,0.997385693304179,False
p_mbar__mean,p_mbar__median,0.997384717547741,0.997384717547741,False
SWDR_W_m__peak_to_peak,PAR_mol_m_s__peak_to_peak,0.997149236424984,0.997149236424984,False
SWDR_W_m__peak_to_peak,PAR_mol_m_s__max,0.997149236424984,0.997149236424984,False
SWDR_W_m__max,PAR_mol_m_s__peak_to_peak,0.997149236424984,0.997149236424984,False
SWDR_W_m__max,PAR_mol_m_s__max,0.997149236424984,0.997149236424984,False
T_degC__iqr,Tpot_K__iqr,0.997000482785903,0.997000482785903,False
rho_g_m_3__mean,rho_g_m_3__median,0.996375055983916,0.996375055983916,False
rho_g_m_3__median,rho_g_m_3__rms,0.996333849789132,0.996333849789132,False
SWDR_W_m__kurtosis,PAR_mol_m_s__kurtosis,0.995932283518319,0.995932283518319,False
rain_mm__std,rain_mm__rms,0.995902942599239,0.995902942599239,False
Tpot_K__median,Tpot_K__rms,0.995800649293121,0.995800649293121,False
Tpot_K__mean,Tpot_K__median,0.995767718235484,0.995767718235484,False
T_degC__mean,T_degC__median,0.99560845508323,0.99560845508323,False
max_wv_m_s__mean,max_wv_m_s__rms,0.995605879042839,0.995605879042839,False
H2OC_mmol_mol__rms,sh_g_kg__q75,0.995365293932544,0.995365293932544,False
VPact_mbar__q75,VPact_mbar__rms,0.99536249297595,0.99536249297595,False
sh_g_kg__q75,sh_g_kg__rms,0.995358860045903,0.995358860045903,False
H2OC_mmol_mol__q75,H2OC_mmol_mol__rms,0.995353485797325,0.995353485797325,False
H2OC_mmol_mol__q75,sh_g_kg__rms,0.995343882840943,0.995343882840943,False
T_degC__q75,Tpot_K__q75,0.995323243924823,0.995323243924823,False
T_degC__max,Tpot_K__max,0.995217558629025,0.995217558629025,False
VPact_mbar__rms,sh_g_kg__q75,0.995187051578195,0.995187051578195,False
H2OC_mmol_mol__q75,VPact_mbar__rms,0.995175187581024,0.995175187581024,False
H2OC_mmol_mol__rms,VPact_mbar__q75,0.995162067227835,0.995162067227835,False
VPact_mbar__q75,sh_g_kg__rms,0.995153142164059,0.995153142164059,False
wv_m_s__mean,wv_m_s__rms,0.994837382389824,0.994837382389824,False
rain_mm__q75,rain_mm__iqr,0.994836074801669,0.994836074801669,False
T_degC__mean,T_degC__rms,0.994820374590982,0.994820374590982,False
VPdef_mbar__mean,VPdef_mbar__rms,0.994674019572956,0.994674019572956,False
T_degC__mean,Tpot_K__rms,0.994383237198315,0.994383237198315,False
T_degC__median,Tpot_K__median,0.994342555644202,0.994342555644202,False
VPact_mbar__mean,VPact_mbar__q75,0.994328786926992,0.994328786926992,False
H2OC_mmol_mol__mean,sh_g_kg__q75,0.994322690418734,0.994322690418734,False
T_degC__mean,Tpot_K__mean,0.994313068069932,0.994313068069932,False
sh_g_kg__mean,sh_g_kg__q75,0.994311451252985,0.994311451252985,False
H2OC_mmol_mol__mean,H2OC_mmol_mol__q75,0.994309509256844,0.994309509256844,False
H2OC_mmol_mol__q75,sh_g_kg__mean,0.994295097206597,0.994295097206597,False
T_degC__diff_mean,Tpot_K__diff_mean,0.994210225077937,0.994210225077937,False
VPact_mbar__mean,sh_g_kg__q75,0.99414706349825,0.99414706349825,False
H2OC_mmol_mol__q75,VPact_mbar__mean,0.994133915214871,0.994133915214871,False
H2OC_mmol_mol__mean,VPact_mbar__q75,0.994128494164079,0.994128494164079,False
VPmax_mbar__mean,VPmax_mbar__median,0.994122500614915,0.994122500614915,False
VPact_mbar__q75,sh_g_kg__mean,0.994114805971922,0.994114805971922,False
max_PAR_mol_m_s__median,PAR_mol_m_s__median,0.993894618737984,0.993894618737984,False
Tdew_degC__mean,Tdew_degC__q25,0.993827285488509,0.993827285488509,False
VPmax_mbar__q75,VPmax_mbar__rms,0.993725428976077,0.993725428976077,False
Tlog_degC__mean,Tlog_degC__median,0.993581925035266,0.993581925035266,False
SWDR_W_m__crest_factor,PAR_mol_m_s__crest_factor,0.993564370590637,0.993564370590637,False
VPdef_mbar__q75,VPdef_mbar__rms,0.993555767441328,0.993555767441328,False
T_degC__q25,Tpot_K__q25,0.99333467401207,0.99333467401207,False
VPmax_mbar__median,VPmax_mbar__rms,0.992968262302943,0.992968262302943,False
T_degC__min,Tpot_K__min,0.992952030642494,0.992952030642494,False
Tlog_degC__median,Tlog_degC__rms,0.992798773260665,0.992798773260665,False
Tdew_degC__mean,Tdew_degC__q75,0.992590784159598,0.992590784159598,False
VPact_mbar__mean,VPact_mbar__q25,0.992492086991771,0.992492086991771,False
H2OC_mmol_mol__q25,sh_g_kg__mean,0.992438538571802,0.992438538571802,False
H2OC_mmol_mol__mean,H2OC_mmol_mol__q25,0.992422911064313,0.992422911064313,False
sh_g_kg__mean,sh_g_kg__q25,0.992415601859142,0.992415601859142,False
H2OC_mmol_mol__mean,sh_g_kg__q25,0.992396575528988,0.992396575528988,False
SWDR_W_m__median,max_PAR_mol_m_s__median,0.992380998978311,0.992380998978311,False
VPact_mbar__q25,sh_g_kg__mean,0.992352163315518,0.992352163315518,False
H2OC_mmol_mol__mean,VPact_mbar__q25,0.992336174536268,0.992336174536268,False
H2OC_mmol_mol__q25,VPact_mbar__mean,0.992236993652107,0.992236993652107,False
VPact_mbar__mean,sh_g_kg__q25,0.992211706952343,0.992211706952343,False
VPact_mbar__median,VPact_mbar__q75,0.992187554658887,0.992187554658887,False
H2OC_mmol_mol__median,sh_g_kg__q75,0.992175382342781,0.992175382342781,False
sh_g_kg__median,sh_g_kg__q75,0.992165378519553,0.992165378519553,False
H2OC_mmol_mol__median,H2OC_mmol_mol__q75,0.992154765348038,0.992154765348038,False
H2OC_mmol_mol__q75,sh_g_kg__median,0.992141472965943,0.992141472965943,False
H2OC_mmol_mol__median,VPact_mbar__q75,0.992021044192111,0.992021044192111,False
VPact_mbar__q75,sh_g_kg__median,0.992008093054866,0.992008093054866,False
VPact_mbar__median,sh_g_kg__q75,0.991975703967366,0.991975703967366,False
H2OC_mmol_mol__q75,VPact_mbar__median,0.991955411756399,0.991955411756399,False
Tdew_degC__median,Tdew_degC__q25,0.99163399367031,0.99163399367031,False
T_degC__slope,Tpot_K__slope,0.991587461596965,0.991587461596965,False
p_mbar__mean,p_mbar__q25,0.991353577789374,0.991353577789374,False
p_mbar__q25,p_mbar__rms,0.991298133893932,0.991298133893932,False
Tlog_degC__q75,Tlog_degC__rms,0.991288647662959,0.991288647662959,False
T_degC__mean,Tpot_K__median,0.991206997811714,0.991206997811714,False
T_degC__median,T_degC__rms,0.991175924762255,0.991175924762255,False
wv_m_s__q75,wv_m_s__rms,0.991160210676263,0.991160210676263,False
VPact_mbar__q25,VPact_mbar__rms,0.991110381926416,0.991110381926416,False
H2OC_mmol_mol__q25,sh_g_kg__rms,0.99103040938913,0.99103040938913,False
H2OC_mmol_mol__q25,H2OC_mmol_mol__rms,0.991019721971145,0.991019721971145,False
sh_g_kg__q25,sh_g_kg__rms,0.991006335670676,0.991006335670676,False
H2OC_mmol_mol__rms,sh_g_kg__q25,0.990992276800101,0.990992276800101,False
VPact_mbar__q25,sh_g_kg__rms,0.990945807299377,0.990945807299377,False
H2OC_mmol_mol__rms,VPact_mbar__q25,0.990934747672614,0.990934747672614,False
H2OC_mmol_mol__q25,VPact_mbar__rms,0.990852667094061,0.990852667094061,False
VPact_mbar__rms,sh_g_kg__q25,0.990826318999486,0.990826318999486,False
max_wv_m_s__q75,max_wv_m_s__rms,0.990768850996471,0.990768850996471,False
T_degC__q75,T_degC__rms,0.990601635758207,0.990601635758207,False
p_mbar__q75,p_mbar__rms,0.990553963276645,0.990553963276645,False
p_mbar__mean,p_mbar__q75,0.990495636851198,0.990495636851198,False
VPmax_mbar__mean,VPmax_mbar__q75,0.990185840135657,0.990185840135657,False
Tdew_degC__skew,VPact_mbar__skew,0.990147616110765,0.990147616110765,False
SWDR_W_m__rms,PAR_mol_m_s__std,0.989895990683212,0.989895990683212,False
VPact_mbar__median,VPact_mbar__q25,0.989682321319553,0.989682321319553,False
SWDR_W_m__mean,PAR_mol_m_s__rms,0.989667542699615,0.989667542699615,False
T_degC__rms,Tlog_degC__mean,0.98961233283098,0.98961233283098,False
H2OC_mmol_mol__q25,sh_g_kg__median,0.989607431428935,0.989607431428935,False
H2OC_mmol_mol__median,H2OC_mmol_mol__q25,0.989607190259042,0.989607190259042,False
sh_g_kg__median,sh_g_kg__q25,0.989573968604083,0.989573968604083,False
H2OC_mmol_mol__median,sh_g_kg__q25,0.989570121540342,0.989570121540342,False
VPact_mbar__q25,sh_g_kg__median,0.989545611520503,0.989545611520503,False
H2OC_mmol_mol__median,VPact_mbar__q25,0.989544873156313,0.989544873156313,False
PAR_mol_m_s__std,PAR_mol_m_s__rms,0.989502692133667,0.989502692133667,False
H2OC_mmol_mol__q25,VPact_mbar__median,0.989411691146734,0.989411691146734,False
PAR_mol_m_s__mean,PAR_mol_m_s__rms,0.989396482871662,0.989396482871662,False
VPact_mbar__median,sh_g_kg__q25,0.989375454838565,0.989375454838565,False
Tdew_degC__median,Tdew_degC__q75,0.989322276522346,0.989322276522346,False
SWDR_W_m__std,SWDR_W_m__rms,0.989243658430554,0.989243658430554,False
max_wv_m_s__mean,max_wv_m_s__median,0.989086832565863,0.989086832565863,False
T_degC__median,Tpot_K__rms,0.989062600440815,0.989062600440815,False
p_mbar__median,p_mbar__q75,0.988987024953375,0.988987024953375,False
T_degC__median,Tpot_K__mean,0.988956888475812,0.988956888475812,False
T_degC__rms,Tlog_degC__rms,0.988938236244737,0.988938236244737,False
SWDR_W_m__mean,SWDR_W_m__rms,0.988884030316087,0.988884030316087,False
T_degC__median,Tlog_degC__median,0.988788338204557,0.988788338204557,False
VPdef_mbar__max,VPdef_mbar__peak_to_peak,0.988587073323215,0.988587073323215,False
rho_g_m_3__mean,rho_g_m_3__q25,0.988572049979487,0.988572049979487,False
Tdew_degC__skew,H2OC_mmol_mol__skew,0.988513451951794,0.988513451951794,False
wv_m_s__mean,wv_m_s__median,0.98842562193172,0.98842562193172,False
Tdew_degC__skew,sh_g_kg__skew,0.988364160390523,0.988364160390523,False
rho_g_m_3__q25,rho_g_m_3__rms,0.988317749583785,0.988317749583785,False
VPdef_mbar__std,VPdef_mbar__peak_to_peak,0.988129231469895,0.988129231469895,False
T_degC__mean,T_degC__q75,0.988068609451807,0.988068609451807,False
Tpot_K__q75,Tpot_K__rms,0.988042091115899,0.988042091115899,False
Tlog_degC__mean,Tlog_degC__q75,0.987850728535828,0.987850728535828,False
T_degC__mean,Tlog_degC__mean,0.987846967957339,0.987846967957339,False
p_mbar__median,p_mbar__q25,0.987774061791999,0.987774061791999,False
rho_g_m_3__median,rho_g_m_3__q25,0.987772698058025,0.987772698058025,False
Tpot_K__mean,Tpot_K__q75,0.987769847618798,0.987769847618798,False
max_PAR_mol_m_s__std,max_PAR_mol_m_s__rms,0.987641457882064,0.987641457882064,False
T_degC__mean,Tpot_K__q75,0.987554398943233,0.987554398943233,False
VPdef_mbar__mean,VPdef_mbar__q75,0.987485346372827,0.987485346372827,False
rh__mean,rh__median,0.987480531109296,0.987480531109296,False
T_degC__q75,Tlog_degC__rms,0.987226779415445,0.987226779415445,False
SWDR_W_m__mean,PAR_mol_m_s__q75,0.987197397761428,0.987197397761428,False
VPmax_mbar__std,VPmax_mbar__peak_to_peak,0.987116160533992,0.987116160533992,False
SWDR_W_m__rms,PAR_mol_m_s__mean,0.987008075259232,0.987008075259232,False
T_degC__rms,Tpot_K__q75,0.986927369745047,0.986927369745047,False
rho_g_m_3__q75,rho_g_m_3__rms,0.986749665931081,0.986749665931081,False
SWDR_W_m__std,PAR_mol_m_s__rms,0.986743952393408,0.986743952393408,False
max_PAR_mol_m_s__mean,max_PAR_mol_m_s__rms,0.986716434339088,0.986716434339088,False
rho_g_m_3__mean,rho_g_m_3__q75,0.986473560704241,0.986473560704241,False
T_degC__q75,Tlog_degC__q75,0.986181369084341,0.986181369084341,False
VPmax_mbar__skew,T_degC__skew,0.986123633387024,0.986123633387024,False
rh__median,rh__rms,0.986111998620796,0.986111998620796,False
raining_s__skew,raining_s__crest_factor,0.986082042730582,0.986082042730582,False
SWDR_W_m__mean,PAR_mol_m_s__iqr,0.986062398405846,0.986062398405846,False
T_degC__q75,Tlog_degC__mean,0.985952236791932,0.985952236791932,False
PAR_mol_m_s__mean,PAR_mol_m_s__q75,0.985949831288434,0.985949831288434,False
T_degC__rms,Tpot_K__rms,0.985786068608735,0.985786068608735,False
Tpot_K__median,Tpot_K__q75,0.985748360950479,0.985748360950479,False
T_degC__median,T_degC__q75,0.985733557201038,0.985733557201038,False
p_mbar__min,p_mbar__q25,0.985708586840843,0.985708586840843,False
T_degC__rms,Tpot_K__mean,0.985604362220037,0.985604362220037,False
Tdew_degC__min,Tdew_degC__q25,0.985595307366918,0.985595307366918,False
max_wv_m_s__mean,wv_m_s__mean,0.985515769355477,0.985515769355477,False
T_degC__mean,Tlog_degC__rms,0.98538032554249,0.98538032554249,False
SWDR_W_m__mean,SWDR_W_m__q75,0.985336025613857,0.985336025613857,False
T_degC__q25,Tlog_degC__q25,0.985278572426061,0.985278572426061,False
H2OC_mmol_mol__min,sh_g_kg__q25,0.984957734522559,0.984957734522559,False
H2OC_mmol_mol__min,H2OC_mmol_mol__q25,0.984951647234114,0.984951647234114,False
VPact_mbar__min,VPact_mbar__q25,0.98493141127755,0.98493141127755,False
sh_g_kg__min,sh_g_kg__q25,0.984911736055487,0.984911736055487,False
H2OC_mmol_mol__q25,sh_g_kg__min,0.984902537636422,0.984902537636422,False
p_mbar__max,p_mbar__q75,0.984842251567912,0.984842251567912,False
H2OC_mmol_mol__min,VPact_mbar__q25,0.984803379086121,0.984803379086121,False
Tpot_K__diff_std,rho_g_m_3__diff_std,0.984777290169719,0.984777290169719,False
VPact_mbar__min,sh_g_kg__q25,0.984758657331911,0.984758657331911,False
VPact_mbar__q25,sh_g_kg__min,0.984755048776042,0.984755048776042,False
H2OC_mmol_mol__q25,VPact_mbar__min,0.984752284924381,0.984752284924381,False
PAR_mol_m_s__mean,PAR_mol_m_s__iqr,0.984732344869774,0.984732344869774,False
T_degC__rms,Tlog_degC__median,0.984710716950343,0.984710716950343,False
wv_m_s__mean,wv_m_s__q75,0.984673427701381,0.984673427701381,False
SWDR_W_m__mean,SWDR_W_m__iqr,0.984569363870375,0.984569363870375,False
T_degC__median,Tpot_K__q75,0.984513088017584,0.984513088017584,False
max_PAR_mol_m_s__mean,max_PAR_mol_m_s__q75,0.984485764369871,0.984485764369871,False
T_degC__median,Tlog_degC__mean,0.984336494677457,0.984336494677457,False
max_wv_m_s__rms,wv_m_s__rms,0.984121477709471,0.984121477709471,False
T_degC__diff_std,rho_g_m_3__diff_std,0.984118004852699,0.984118004852699,False
VPmax_mbar__max,VPmax_mbar__q75,0.983991615026072,0.983991615026072,False
Tdew_degC__max,VPact_mbar__max,0.983859796970066,0.983859796970066,False
T_degC__mean,Tlog_degC__median,0.983833227555335,0.983833227555335,False
T_degC__max,T_degC__q75,0.983757934063462,0.983757934063462,False
Tdew_degC__max,H2OC_mmol_mol__max,0.983739397097151,0.983739397097151,False
VPdef_mbar__mean,VPdef_mbar__median,0.983718330762857,0.983718330762857,False
max_PAR_mol_m_s__mean,max_PAR_mol_m_s__iqr,0.983579702491158,0.983579702491158,False
VPmax_mbar__median,VPmax_mbar__q75,0.983558711075332,0.983558711075332,False
Tdew_degC__max,sh_g_kg__max,0.983423439349324,0.983423439349324,False
T_degC__rms,Tpot_K__median,0.98319751659361,0.98319751659361,False
Tpot_K__max,Tpot_K__q75,0.9831588294949,0.9831588294949,False
H2OC_mmol_mol__zero_crossing_rate,sh_g_kg__zero_crossing_rate,0.982979980755281,0.982979980755281,False
rho_g_m_3__min,rho_g_m_3__q25,0.982889898754912,0.982889898754912,False
T_degC__q75,Tpot_K__max,0.982853932231391,0.982853932231391,False
wv_m_s__max,wv_m_s__peak_to_peak,0.982821429393973,0.982821429393973,False
max_wv_m_s__mean,max_wv_m_s__q75,0.982816520598774,0.982816520598774,False
max_wv_m_s__median,wv_m_s__median,0.982744755132671,0.982744755132671,False
SWDR_W_m__q75,PAR_mol_m_s__mean,0.982723554901998,0.982723554901998,False
T_degC__mean,T_degC__q25,0.982388128294522,0.982388128294522,False
T_degC__q25,Tpot_K__mean,0.982362814788846,0.982362814788846,False
Tpot_K__mean,Tpot_K__q25,0.982360277093722,0.982360277093722,False
Tdew_degC__q75,VPact_mbar__q75,0.982203477318298,0.982203477318298,False
T_degC__median,Tlog_degC__rms,0.982144592444618,0.982144592444618,False
T_degC__q25,Tpot_K__rms,0.982097273830548,0.982097273830548,False
VPmax_mbar__q25,T_degC__q25,0.982052122129349,0.982052122129349,False
Tpot_K__q25,Tpot_K__rms,0.98202197778497,0.98202197778497,False
Tdew_degC__q75,H2OC_mmol_mol__q75,0.982020742318156,0.982020742318156,False
VPmax_mbar__min,T_degC__min,0.981924329013093,0.981924329013093,False
SWDR_W_m__iqr,PAR_mol_m_s__mean,0.981901340576002,0.981901340576002,False
Tdew_degC__q75,sh_g_kg__q75,0.981695633372967,0.981695633372967,False
T_degC__max,Tlog_degC__max,0.981493561579177,0.981493561579177,False
SWDR_W_m__q25,PAR_mol_m_s__q25,0.981462580814865,0.981462580814865,False
Tpot_K__q75,Tlog_degC__rms,0.981408912852301,0.981408912852301,False
max_PAR_mol_m_s__slope,PAR_mol_m_s__slope,0.981334695259705,0.981334695259705,False
rain_mm__skew,rain_mm__crest_factor,0.981281875973242,0.981281875973242,False
VPmax_mbar__mean,T_degC__rms,0.981257640882372,0.981257640882372,False
Tpot_K__q75,Tlog_degC__mean,0.981060989940111,0.981060989940111,False
max_wv_m_s__mean,wv_m_s__rms,0.980790617931553,0.980790617931553,False
Tdew_degC__mean,Tdew_degC__min,0.980718015375546,0.980718015375546,False
VPmax_mbar__max,VPmax_mbar__rms,0.980588806634546,0.980588806634546,False
T_degC__min,Tlog_degC__min,0.980570372944859,0.980570372944859,False
VPmax_mbar__rms,T_degC__rms,0.980526423154605,0.980526423154605,False
rho_g_m_3__max,rho_g_m_3__q75,0.980523136782142,0.980523136782142,False
T_degC__q75,Tlog_degC__median,0.980396463057557,0.980396463057557,False
Tdew_degC__mean,VPact_mbar__mean,0.980392464510635,0.980392464510635,False
H2OC_mmol_mol__min,sh_g_kg__mean,0.980342345718563,0.980342345718563,False
VPact_mbar__mean,VPact_mbar__min,0.980312343518517,0.980312343518517,False
H2OC_mmol_mol__mean,H2OC_mmol_mol__min,0.980310299321135,0.980310299321135,False
Tdew_degC__mean,VPact_mbar__rms,0.980305382745767,0.980305382745767,False
VPdef_mbar__std,VPdef_mbar__iqr,0.980289541486075,0.980289541486075,False
Tdew_degC__mean,H2OC_mmol_mol__mean,0.980280551066946,0.980280551066946,False
sh_g_kg__mean,sh_g_kg__min,0.980259546989361,0.980259546989361,False
H2OC_mmol_mol__mean,sh_g_kg__min,0.980224697154956,0.980224697154956,False
Tdew_degC__mean,H2OC_mmol_mol__rms,0.980191609907246,0.980191609907246,False
T_degC__mean,Tlog_degC__q25,0.98017755378428,0.98017755378428,False
VPact_mbar__min,sh_g_kg__mean,0.980170576276936,0.980170576276936,False
max_wv_m_s__q25,wv_m_s__q25,0.980159694561533,0.980159694561533,False
H2OC_mmol_mol__min,VPact_mbar__mean,0.980149930593725,0.980149930593725,False
H2OC_mmol_mol__mean,VPact_mbar__min,0.980138692048855,0.980138692048855,False
VPact_mbar__mean,sh_g_kg__min,0.980065675148036,0.980065675148036,False
Tdew_degC__mean,sh_g_kg__mean,0.979948014727667,0.979948014727667,False
max_PAR_mol_m_s__mean,PAR_mol_m_s__mean,0.97994673279719,0.97994673279719,False
Tdew_degC__mean,sh_g_kg__rms,0.979861044757485,0.979861044757485,False
max_wv_m_s__rms,wv_m_s__mean,0.979849080017932,0.979849080017932,False
Tpot_K__median,Tlog_degC__median,0.979793812103314,0.979793812103314,False
rho_g_m_3__median,rho_g_m_3__q75,0.979632710347468,0.979632710347468,False
VPact_mbar__max,VPact_mbar__q75,0.979505502685188,0.979505502685188,False
H2OC_mmol_mol__q75,sh_g_kg__max,0.97942084812844,0.97942084812844,False
Tdew_degC__median,VPact_mbar__median,0.979411303015511,0.979411303015511,False
sh_g_kg__max,sh_g_kg__q75,0.979384345395043,0.979384345395043,False
H2OC_mmol_mol__max,H2OC_mmol_mol__q75,0.979382407438501,0.979382407438501,False
Tlog_degC__mean,Tlog_degC__q25,0.9793622358506,0.9793622358506,False
H2OC_mmol_mol__max,sh_g_kg__q75,0.979342675904405,0.979342675904405,False
H2OC_mmol_mol__q75,VPact_mbar__max,0.979331569693393,0.979331569693393,False
VPact_mbar__max,sh_g_kg__q75,0.97929285598439,0.97929285598439,False
T_degC__max,T_degC__rms,0.97926528886903,0.97926528886903,False
Tdew_degC__median,H2OC_mmol_mol__median,0.979263796390116,0.979263796390116,False
Tlog_degC__median,Tlog_degC__q75,0.979215661156132,0.979215661156132,False
VPact_mbar__q75,sh_g_kg__max,0.979186215074705,0.979186215074705,False
H2OC_mmol_mol__max,VPact_mbar__q75,0.979147244136749,0.979147244136749,False
max_wv_m_s__q75,wv_m_s__q75,0.979098588845433,0.979098588845433,False
SWDR_W_m__slope,max_PAR_mol_m_s__slope,0.97901020479988,0.97901020479988,False
T_degC__rms,Tpot_K__max,0.978994304006722,0.978994304006722,False
Tdew_degC__median,sh_g_kg__median,0.978902262220903,0.978902262220903,False
Tdew_degC__mean,VPact_mbar__median,0.97877141355693,0.97877141355693,False
Tdew_degC__mean,H2OC_mmol_mol__median,0.9786614667187,0.9786614667187,False
H2OC_mmol_mol__min,sh_g_kg__rms,0.978655496044242,0.978655496044242,False
VPact_mbar__min,VPact_mbar__rms,0.978646996894205,0.978646996894205,False
H2OC_mmol_mol__min,H2OC_mmol_mol__rms,0.978628663334229,0.978628663334229,False
T_degC__max,Tlog_degC__q75,0.978605578201008,0.978605578201008,False
sh_g_kg__min,sh_g_kg__rms,0.978570031519265,0.978570031519265,False
H2OC_mmol_mol__rms,sh_g_kg__min,0.978540435557788,0.978540435557788,False
H2OC_mmol_mol__min,VPact_mbar__rms,0.978486851252348,0.978486851252348,False
VPact_mbar__min,sh_g_kg__rms,0.978480967435289,0.978480967435289,False
H2OC_mmol_mol__rms,VPact_mbar__min,0.978454315718708,0.978454315718708,False
T_degC__q75,Tpot_K__rms,0.978445965569306,0.978445965569306,False
VPact_mbar__rms,sh_g_kg__min,0.978400044948066,0.978400044948066,False
Tdew_degC__mean,sh_g_kg__median,0.978305662712766,0.978305662712766,False
T_degC__q75,Tpot_K__mean,0.978107934011429,0.978107934011429,False
VPact_mbar__max,VPact_mbar__rms,0.978046635154171,0.978046635154171,False
Tdew_degC__q25,VPact_mbar__q25,0.978005383073971,0.978005383073971,False
VPmax_mbar__mean,T_degC__mean,0.977994651327304,0.977994651327304,False
H2OC_mmol_mol__rms,sh_g_kg__max,0.977944301750098,0.977944301750098,False
sh_g_kg__max,sh_g_kg__rms,0.977912481461622,0.977912481461622,False
Tpot_K__rms,Tlog_degC__mean,0.977902934572334,0.977902934572334,False
H2OC_mmol_mol__max,H2OC_mmol_mol__rms,0.977886524333489,0.977886524333489,False
Tdew_degC__q25,H2OC_mmol_mol__q25,0.977862493135616,0.977862493135616,False
H2OC_mmol_mol__max,sh_g_kg__rms,0.977851567222815,0.977851567222815,False
H2OC_mmol_mol__rms,VPact_mbar__max,0.977837870608372,0.977837870608372,False
VPact_mbar__max,sh_g_kg__rms,0.977804693483888,0.977804693483888,False
VPmax_mbar__std,VPmax_mbar__iqr,0.977783772521248,0.977783772521248,False
VPact_mbar__rms,sh_g_kg__max,0.977760980367212,0.977760980367212,False
T_degC__max,Tlog_degC__rms,0.977727756015479,0.977727756015479,False
H2OC_mmol_mol__max,VPact_mbar__rms,0.977702302935997,0.977702302935997,False
Tpot_K__mean,Tlog_degC__mean,0.977694136108047,0.977694136108047,False
Tpot_K__q75,Tlog_degC__q75,0.977570374806186,0.977570374806186,False
p_mbar__std,p_mbar__peak_to_peak,0.977547695042795,0.977547695042795,False
max_PAR_mol_m_s__q75,PAR_mol_m_s__mean,0.977539866899255,0.977539866899255,False
VPmax_mbar__crest_factor,Tpot_K__crest_factor,0.977511472685625,0.977511472685625,False
Tdew_degC__q25,sh_g_kg__q25,0.977480329855002,0.977480329855002,False
VPdef_mbar__std,VPdef_mbar__max,0.977411273538995,0.977411273538995,False
VPmax_mbar__mean,T_degC__median,0.977330260587184,0.977330260587184,False
max_wv_m_s__max,max_wv_m_s__peak_to_peak,0.97729755268791,0.97729755268791,False
Tdew_degC__median,VPact_mbar__mean,0.977151019699189,0.977151019699189,False
SWDR_W_m__mean,max_PAR_mol_m_s__mean,0.977092227061674,0.977092227061674,False
Tlog_degC__max,Tlog_degC__q75,0.977033815125085,0.977033815125085,False
Tdew_degC__median,H2OC_mmol_mol__mean,0.977005774838892,0.977005774838892,False
Tdew_degC__median,VPact_mbar__rms,0.976962918711464,0.976962918711464,False
T_degC__q75,Tpot_K__median,0.976941420925265,0.976941420925265,False
max_wv_m_s__median,max_wv_m_s__rms,0.976940356393711,0.976940356393711,False
Tdew_degC__median,H2OC_mmol_mol__rms,0.976815435319357,0.976815435319357,False
Tlog_degC__min,Tlog_degC__q25,0.976756904502051,0.976756904502051,False
SWDR_W_m__mean,max_PAR_mol_m_s__q75,0.976708597106226,0.976708597106226,False
Tdew_degC__median,sh_g_kg__mean,0.976665890611209,0.976665890611209,False
max_PAR_mol_m_s__iqr,PAR_mol_m_s__mean,0.97665330687578,0.97665330687578,False
Tdew_degC__q75,VPact_mbar__rms,0.976578440858162,0.976578440858162,False
T_degC__q25,Tpot_K__median,0.976527818719501,0.976527818719501,False
max_wv_m_s__rms,wv_m_s__q75,0.976487466069744,0.976487466069744,False
Tdew_degC__median,sh_g_kg__rms,0.976478161539713,0.976478161539713,False
Tdew_degC__q75,H2OC_mmol_mol__rms,0.976417030569744,0.976417030569744,False
VPact_mbar__mean,VPact_mbar__max,0.976253210325632,0.976253210325632,False
Tdew_degC__max,Tdew_degC__q75,0.976159485197268,0.976159485197268,False
T_degC__min,Tpot_K__q25,0.976136811474183,0.976136811474183,False
H2OC_mmol_mol__mean,sh_g_kg__max,0.976126818275055,0.976126818275055,False
Tdew_degC__q75,sh_g_kg__rms,0.976097976617519,0.976097976617519,False
sh_g_kg__mean,sh_g_kg__max,0.976088090980313,0.976088090980313,False
H2OC_mmol_mol__mean,H2OC_mmol_mol__max,0.976065725176266,0.976065725176266,False
Tdew_degC__min,Tdew_degC__median,0.976055725453457,0.976055725453457,False
H2OC_mmol_mol__mean,VPact_mbar__max,0.976032531466858,0.976032531466858,False
H2OC_mmol_mol__max,sh_g_kg__mean,0.976023857608713,0.976023857608713,False
max_wv_m_s__mean,wv_m_s__median,0.976016031718236,0.976016031718236,False
Tpot_K__mean,Tlog_degC__q25,0.976013020578489,0.976013020578489,False
VPact_mbar__max,sh_g_kg__mean,0.975992508169815,0.975992508169815,False
VPact_mbar__mean,sh_g_kg__max,0.97595920893753,0.97595920893753,False
VPmax_mbar__diff_std,VPdef_mbar__diff_std,0.97594242829375,0.97594242829375,False
Tpot_K__q75,Tlog_degC__median,0.975939847072321,0.975939847072321,False
H2OC_mmol_mol__max,VPact_mbar__mean,0.975897255231941,0.975897255231941,False
SWDR_W_m__mean,max_PAR_mol_m_s__iqr,0.975889565211996,0.975889565211996,False
Tpot_K__rms,Tlog_degC__q25,0.97587810563952,0.97587810563952,False
H2OC_mmol_mol__min,sh_g_kg__median,0.975786681200396,0.975786681200396,False
VPmax_mbar__median,T_degC__median,0.975773625659079,0.975773625659079,False
H2OC_mmol_mol__min,H2OC_mmol_mol__median,0.97576429337289,0.97576429337289,False
Tpot_K__min,Tpot_K__q25,0.975757894451349,0.975757894451349,False
VPact_mbar__min,VPact_mbar__median,0.975726286783684,0.975726286783684,False
VPact_mbar__q25,VPact_mbar__q75,0.975704833711237,0.975704833711237,False
sh_g_kg__min,sh_g_kg__median,0.975686789376387,0.975686789376387,False
H2OC_mmol_mol__median,sh_g_kg__min,0.975661605161363,0.975661605161363,False
VPact_mbar__min,sh_g_kg__median,0.975643240793169,0.975643240793169,False
Tpot_K__median,Tlog_degC__mean,0.975642856390645,0.975642856390645,False
VPmax_mbar__rms,T_degC__mean,0.975637085131919,0.975637085131919,False
H2OC_mmol_mol__median,VPact_mbar__min,0.975620883418347,0.975620883418347,False
H2OC_mmol_mol__q25,sh_g_kg__q75,0.975577046129016,0.975577046129016,False
Tpot_K__max,Tlog_degC__rms,0.975563288857562,0.975563288857562,False
PAR_mol_m_s__q75,PAR_mol_m_s__rms,0.975552138195409,0.975552138195409,False
H2OC_mmol_mol__q25,H2OC_mmol_mol__q75,0.975549854956214,0.975549854956214,False
H2OC_mmol_mol__min,VPact_mbar__median,0.975545682662163,0.975545682662163,False
sh_g_kg__q25,sh_g_kg__q75,0.975540538976885,0.975540538976885,False
VPact_mbar__q25,sh_g_kg__q75,0.975533955039044,0.975533955039044,False
H2OC_mmol_mol__q75,sh_g_kg__q25,0.975509974092642,0.975509974092642,False
H2OC_mmol_mol__q75,VPact_mbar__q25,0.975507361729502,0.975507361729502,False
VPact_mbar__median,sh_g_kg__min,0.975443793446844,0.975443793446844,False
Tdew_degC__q75,VPact_mbar__mean,0.975417882671702,0.975417882671702,False
H2OC_mmol_mol__q25,VPact_mbar__q75,0.975401669570117,0.975401669570117,False
VPact_mbar__q75,sh_g_kg__q25,0.975363371956418,0.975363371956418,False
PAR_mol_m_s__iqr,PAR_mol_m_s__rms,0.975335798383802,0.975335798383802,False
VPmax_mbar__rms,T_degC__median,0.975308054681666,0.975308054681666,False
Tdew_degC__q75,H2OC_mmol_mol__mean,0.97525106772373,0.97525106772373,False
VPmax_mbar__mean,Tlog_degC__median,0.975217532349074,0.975217532349074,False
T_degC__min,T_degC__q25,0.975196554184175,0.975196554184175,False
Tdew_degC__q25,Tdew_degC__q75,0.975184695853858,0.975184695853858,False
Tpot_K__median,Tpot_K__q25,0.975102775320578,0.975102775320578,False
Tdew_degC__mean,VPact_mbar__q75,0.975096197363545,0.975096197363545,False
T_degC__median,T_degC__q25,0.97509526896061,0.97509526896061,False
VPmax_mbar__q75,T_degC__q75,0.975087868270775,0.975087868270775,False
Tdew_degC__min,VPact_mbar__min,0.975051620768227,0.975051620768227,False
T_degC__max,Tpot_K__q75,0.975008110698943,0.975008110698943,False
SWDR_W_m__rms,PAR_mol_m_s__q75,0.975007490386125,0.975007490386125,False
T_degC__rms,Tlog_degC__q75,0.97497041489523,0.97497041489523,False
Tdew_degC__mean,H2OC_mmol_mol__q75,0.974962310402151,0.974962310402151,False
Tdew_degC__min,H2OC_mmol_mol__min,0.974937299327685,0.974937299327685,False
Tdew_degC__q75,sh_g_kg__mean,0.974927107967624,0.974927107967624,False
SWDR_W_m__rms,PAR_mol_m_s__iqr,0.974887001839099,0.974887001839099,False
VPmax_mbar__rms,Tlog_degC__median,0.974802013154053,0.974802013154053,False
Tdew_degC__mean,sh_g_kg__q75,0.974644109185737,0.974644109185737,False
VPmax_mbar__mean,VPmax_mbar__max,0.974639753649994,0.974639753649994,False
VPmax_mbar__mean,Tlog_degC__mean,0.974608777199913,0.974608777199913,False
Tdew_degC__min,sh_g_kg__min,0.9746064711208,0.9746064711208,False
VPmax_mbar__max,T_degC__max,0.974605774282525,0.974605774282525,False
Tlog_degC__std,Tlog_degC__peak_to_peak,0.974602893827209,0.974602893827209,False
VPmax_mbar__rms,Tlog_degC__mean,0.974547601804928,0.974547601804928,False
Tpot_K__q25,Tlog_degC__q25,0.974518493168237,0.974518493168237,False
max_wv_m_s__median,wv_m_s__mean,0.974508664277907,0.974508664277907,False
Tpot_K__rms,Tlog_degC__rms,0.974498980116706,0.974498980116706,False
SWDR_W_m__q75,SWDR_W_m__rms,0.974312105290529,0.974312105290529,False
T_degC__skew,Tpot_K__skew,0.974262976283578,0.974262976283578,False
VPmax_mbar__mean,VPmax_mbar__q25,0.974262538313165,0.974262538313165,False
Tpot_K__mean,Tlog_degC__rms,0.974239321308497,0.974239321308497,False
T_degC__max,Tlog_degC__mean,0.974212956878939,0.974212956878939,False
SWDR_W_m__iqr,SWDR_W_m__rms,0.974182732137394,0.974182732137394,False
Tpot_K__rms,rho_g_m_3__q25,-0.974177948699162,0.974177948699162,False
Tpot_K__mean,rho_g_m_3__q25,-0.97411109236516,0.97411109236516,False
T_degC__std,T_degC__peak_to_peak,0.974064019677067,0.974064019677067,False
Tpot_K__rms,Tlog_degC__median,0.974001113403253,0.974001113403253,False
Tpot_K__max,Tlog_degC__q75,0.973969810687418,0.973969810687418,False
VPmax_mbar__rms,Tlog_degC__rms,0.973872449813754,0.973872449813754,False
max_PAR_mol_m_s__iqr,PAR_mol_m_s__q75,0.973848590336572,0.973848590336572,False
T_degC__median,Tlog_degC__q25,0.973808051383182,0.973808051383182,False
Tpot_K__mean,Tlog_degC__median,0.973797198622556,0.973797198622556,False
max_PAR_mol_m_s__q75,PAR_mol_m_s__q75,0.973741299585639,0.973741299585639,False
wv_m_s__median,wv_m_s__rms,0.973736834085197,0.973736834085197,False
Tlog_degC__q25,Tlog_degC__rms,0.973676515782847,0.973676515782847,False
Tlog_degC__median,Tlog_degC__q25,0.973626527074375,0.973626527074375,False
T_degC__peak_to_peak,Tpot_K__std,0.973537988994897,0.973537988994897,False
VPmax_mbar__std,VPdef_mbar__std,0.973517018335511,0.973517018335511,False
max_PAR_mol_m_s__iqr,PAR_mol_m_s__iqr,0.973366655731728,0.973366655731728,False
Tpot_K__std,Tpot_K__peak_to_peak,0.973353521518744,0.973353521518744,False
Tdew_degC__q25,VPact_mbar__mean,0.973349055310882,0.973349055310882,False
SWDR_W_m__q75,PAR_mol_m_s__rms,0.973343926747554,0.973343926747554,False
VPmax_mbar__median,Tlog_degC__median,0.973287748521618,0.973287748521618,False
Tdew_degC__q25,H2OC_mmol_mol__mean,0.973273976093479,0.973273976093479,False
VPdef_mbar__max,VPdef_mbar__rms,0.97322561150762,0.97322561150762,False
VPmax_mbar__q25,Tpot_K__q25,0.973208633278085,0.973208633278085,False
SWDR_W_m__iqr,PAR_mol_m_s__rms,0.973150108334759,0.973150108334759,False
VPmax_mbar__mean,Tlog_degC__rms,0.973081634543827,0.973081634543827,False
max_PAR_mol_m_s__q75,PAR_mol_m_s__iqr,0.973073348215077,0.973073348215077,False
Tdew_degC__q25,sh_g_kg__mean,0.972942827730226,0.972942827730226,False
Tpot_K__max,Tlog_degC__mean,0.972928628547315,0.972928628547315,False
Tdew_degC__q75,VPact_mbar__median,0.972804814077582,0.972804814077582,False
VPmax_mbar__q25,Tlog_degC__q25,0.97276518418585,0.97276518418585,False
Tdew_degC__q75,H2OC_mmol_mol__median,0.972641023236313,0.972641023236313,False
max_PAR_mol_m_s__mean,PAR_mol_m_s__rms,0.972629709743804,0.972629709743804,False
Tpot_K__median,Tlog_degC__rms,0.97245753709457,0.97245753709457,False
VPmax_mbar__min,Tpot_K__min,0.972418571998975,0.972418571998975,False
VPmax_mbar__q75,T_degC__rms,0.972361311457199,0.972361311457199,False
Tdew_degC__q75,sh_g_kg__median,0.972304131622089,0.972304131622089,False
Tpot_K__min,rho_g_m_3__max,-0.9721451364711,0.9721451364711,False
Tdew_degC__mean,VPact_mbar__q25,0.972091469275659,0.972091469275659,False
Tdew_degC__q25,VPact_mbar__rms,0.97205261271074,0.97205261271074,False
max_wv_m_s__q75,wv_m_s__rms,0.971969875533647,0.971969875533647,False
Tdew_degC__q25,H2OC_mmol_mol__rms,0.971965543465437,0.971965543465437,False
Tpot_K__max,Tlog_degC__max,0.971928652760507,0.971928652760507,False
Tdew_degC__mean,H2OC_mmol_mol__q25,0.971868476447295,0.971868476447295,False
T_degC__q25,Tlog_degC__min,0.971863521362253,0.971863521362253,False
Tdew_degC__median,VPact_mbar__q75,0.971811982716681,0.971811982716681,False
Tdew_degC__q25,VPact_mbar__median,0.971722255952459,0.971722255952459,False
max_wv_m_s__mean,wv_m_s__q75,0.971697732559032,0.971697732559032,False
Tdew_degC__q25,H2OC_mmol_mol__median,0.971650864505529,0.971650864505529,False
Tdew_degC__median,H2OC_mmol_mol__q75,0.971647009843102,0.971647009843102,False
Tdew_degC__q25,sh_g_kg__rms,0.971632647532283,0.971632647532283,False
Tdew_degC__mean,sh_g_kg__q25,0.971489093092441,0.971489093092441,False
Tdew_degC__median,sh_g_kg__q75,0.971333919573251,0.971333919573251,False
Tdew_degC__q25,sh_g_kg__median,0.971282807192237,0.971282807192237,False
VPmax_mbar__rms,T_degC__q75,0.971246131049181,0.971246131049181,False
VPmax_mbar__peak_to_peak,VPdef_mbar__peak_to_peak,0.971214845169841,0.971214845169841,False
Tpot_K__median,Tlog_degC__q25,0.971181785663027,0.971181785663027,False
Tdew_degC__mean,Tdew_degC__max,0.97096633132322,0.97096633132322,False
SWDR_W_m__q25,max_PAR_mol_m_s__q25,0.970957103398175,0.970957103398175,False
T_degC__rms,Tlog_degC__q25,0.970889787030708,0.970889787030708,False
rh__mean,rh__q25,0.970750869929909,0.970750869929909,False
T_degC__mean,Tpot_K__max,0.970746627742226,0.970746627742226,False
SWDR_W_m__q75,max_PAR_mol_m_s__iqr,0.970520612246167,0.970520612246167,False
Tpot_K__q75,rho_g_m_3__q25,-0.97046669047084,0.97046669047084,False
VPmax_mbar__mean,Tpot_K__median,0.970423335807808,0.970423335807808,False
Tpot_K__min,Tlog_degC__min,0.970373902368719,0.970373902368719,False
VPmax_mbar__max,Tpot_K__max,0.970363221174478,0.970363221174478,False
SWDR_W_m__q75,max_PAR_mol_m_s__q75,0.970328390061277,0.970328390061277,False
VPmax_mbar__min,Tlog_degC__min,0.970326967623624,0.970326967623624,False
T_degC__mean,Tpot_K__q25,0.97025892987434,0.97025892987434,False
VPmax_mbar__mean,Tpot_K__rms,0.970242219612435,0.970242219612435,False
T_degC__std,Tpot_K__peak_to_peak,0.970204860488946,0.970204860488946,False
VPmax_mbar__q75,Tlog_degC__q75,0.970194639787243,0.970194639787243,False
SWDR_W_m__iqr,max_PAR_mol_m_s__iqr,0.970151620390382,0.970151620390382,False
VPmax_mbar__min,VPmax_mbar__q25,0.97014704177496,0.97014704177496,False
max_PAR_mol_m_s__rms,PAR_mol_m_s__rms,0.970112818661373,0.970112818661373,False
Tpot_K__std,rho_g_m_3__std,0.97009474012579,0.97009474012579,False
VPmax_mbar__mean,Tpot_K__mean,0.970094422292403,0.970094422292403,False
VPmax_mbar__q75,Tlog_degC__rms,0.970049954800577,0.970049954800577,False
VPmax_mbar__median,T_degC__rms,0.970016727045695,0.970016727045695,False
Tpot_K__q25,rho_g_m_3__rms,-0.969941827329991,0.969941827329991,False
SWDR_W_m__iqr,max_PAR_mol_m_s__q75,0.969833592047632,0.969833592047632,False
Tpot_K__q25,rho_g_m_3__mean,-0.969830591838843,0.969830591838843,False
VPact_mbar__max,VPact_mbar__median,0.969602566599905,0.969602566599905,False
VPmax_mbar__q75,Tpot_K__q75,0.969558535707908,0.969558535707908,False
Tpot_K__iqr,rho_g_m_3__iqr,0.969487085226993,0.969487085226993,False
H2OC_mmol_mol__median,sh_g_kg__max,0.96943684732859,0.96943684732859,False
H2OC_mmol_mol__median,VPact_mbar__max,0.969419898620956,0.969419898620956,False
sh_g_kg__max,sh_g_kg__median,0.969398019480309,0.969398019480309,False
Tpot_K__q25,rho_g_m_3__q75,-0.969388009767106,0.969388009767106,False
VPact_mbar__max,sh_g_kg__median,0.969379737207021,0.969379737207021,False
H2OC_mmol_mol__max,H2OC_mmol_mol__median,0.96936782244627,0.96936782244627,False
Tpot_K__mean,rho_g_m_3__median,-0.969339795445822,0.969339795445822,False
H2OC_mmol_mol__max,sh_g_kg__median,0.969325767647913,0.969325767647913,False
VPact_mbar__median,sh_g_kg__max,0.96924491886949,0.96924491886949,False
Tpot_K__rms,rho_g_m_3__median,-0.969177893612207,0.969177893612207,False
H2OC_mmol_mol__max,VPact_mbar__median,0.969175425687976,0.969175425687976,False
VPmax_mbar__mean,T_degC__q75,0.96906969851817,0.96906969851817,False
Tpot_K__mean,rho_g_m_3__mean,-0.969016142317668,0.969016142317668,False
Tpot_K__diff_mean,rho_g_m_3__diff_mean,-0.968853420641725,0.968853420641725,False
Tpot_K__rms,rho_g_m_3__mean,-0.968817852298826,0.968817852298826,False
Tpot_K__mean,rho_g_m_3__rms,-0.968811559099302,0.968811559099302,False
Tpot_K__median,rho_g_m_3__median,-0.968697408288248,0.968697408288248,False
VPmax_mbar__median,VPmax_mbar__q25,0.968667152454886,0.968667152454886,False
Tpot_K__q25,Tlog_degC__min,0.968645692690587,0.968645692690587,False
Tpot_K__median,rho_g_m_3__q25,-0.968641301529963,0.968641301529963,False
Tpot_K__rms,rho_g_m_3__rms,-0.968609776634143,0.968609776634143,False
VPmax_mbar__q75,Tlog_degC__mean,0.968556200791294,0.968556200791294,False
VPmax_mbar__median,Tpot_K__median,0.968543606578023,0.968543606578023,False
SWDR_W_m__rms,max_PAR_mol_m_s__mean,0.968342797084149,0.968342797084149,False
VPmax_mbar__q75,Tlog_degC__median,0.968323386765887,0.968323386765887,False
p_mbar__mean,p_mbar__min,0.968258174114186,0.968258174114186,False
p_mbar__min,p_mbar__rms,0.968158897477472,0.968158897477472,False
rain_mm__max,rain_mm__diff_std,0.967987933828811,0.967987933828811,False
rain_mm__peak_to_peak,rain_mm__diff_std,0.967987933828811,0.967987933828811,False
Tdew_degC__median,VPact_mbar__q25,0.967961950723245,0.967961950723245,False
p_mbar__max,p_mbar__rms,0.967955497068086,0.967955497068086,False
T_degC__mean,T_degC__max,0.967905070236996,0.967905070236996,False
p_mbar__mean,p_mbar__max,0.967856934219214,0.967856934219214,False
VPmax_mbar__rms,Tpot_K__q75,0.967777257737654,0.967777257737654,False
Tdew_degC__median,H2OC_mmol_mol__q25,0.967719532853852,0.967719532853852,False
VPdef_mbar__median,VPdef_mbar__rms,0.967510894123086,0.967510894123086,False
VPmax_mbar__rms,Tpot_K__median,0.967434580639632,0.967434580639632,False
max_PAR_mol_m_s__iqr,PAR_mol_m_s__rms,0.967400328950452,0.967400328950452,False
Tdew_degC__median,sh_g_kg__q25,0.967324760349655,0.967324760349655,False
max_PAR_mol_m_s__q75,PAR_mol_m_s__rms,0.96729187426927,0.96729187426927,False
Tpot_K__max,rho_g_m_3__min,-0.967243809228884,0.967243809228884,False
VPmax_mbar__median,T_degC__mean,0.967182063524066,0.967182063524066,False
Tlog_degC__max,Tlog_degC__rms,0.967128146457443,0.967128146457443,False
H2OC_mmol_mol__zero_crossing_rate,VPact_mbar__zero_crossing_rate,0.967046997456531,0.967046997456531,False
Tpot_K__q25,rho_g_m_3__median,-0.967001256090059,0.967001256090059,False
VPmax_mbar__rms,Tpot_K__rms,0.966990782731513,0.966990782731513,False
wv_m_s__median,wv_m_s__q75,0.966982592684151,0.966982592684151,False
Tpot_K__max,Tpot_K__rms,0.966874188069296,0.966874188069296,False
VPmax_mbar__rms,Tpot_K__mean,0.966778563303755,0.966778563303755,False
rho_g_m_3__mean,rho_g_m_3__min,0.966689936496525,0.966689936496525,False
max_wv_m_s__median,max_wv_m_s__q75,0.966630272096923,0.966630272096923,False
SWDR_W_m__rms,max_PAR_mol_m_s__rms,0.966626604361706,0.966626604361706,False
T_degC__q25,T_degC__rms,0.96661396382416,0.96661396382416,False
VPmax_mbar__mean,Tpot_K__q75,0.96651631884473,0.96651631884473,False
Tpot_K__mean,Tpot_K__max,0.966467861831687,0.966467861831687,False
rho_g_m_3__min,rho_g_m_3__rms,0.966305131793526,0.966305131793526,False
VPmax_mbar__q25,VPmax_mbar__rms,0.966250098230352,0.966250098230352,False
VPmax_mbar__peak_to_peak,VPdef_mbar__std,0.966172586669517,0.966172586669517,False
T_degC__mean,Tlog_degC__q75,0.966128864433142,0.966128864433142,False
p_mbar__slope,p_mbar__diff_mean,0.965720080097596,0.965720080097596,False
VPdef_mbar__kurtosis,rh__kurtosis,0.965572683904781,0.965572683904781,False
VPmax_mbar__q25,T_degC__mean,0.965139357285316,0.965139357285316,False
SWDR_W_m__rms,max_PAR_mol_m_s__iqr,0.96513429479603,0.96513429479603,False
VPmax_mbar__q75,T_degC__median,0.965062854505483,0.965062854505483,False
p_mbar__q25,p_mbar__q75,0.965034737161483,0.965034737161483,False
SWDR_W_m__rms,max_PAR_mol_m_s__q75,0.964943626294029,0.964943626294029,False
max_wv_m_s__q75,wv_m_s__mean,0.964770339970925,0.964770339970925,False
max_PAR_mol_m_s__rms,PAR_mol_m_s__std,0.964736062190199,0.964736062190199,False
Tdew_degC__q75,VPact_mbar__max,0.964721159600539,0.964721159600539,False
Tdew_degC__q75,H2OC_mmol_mol__max,0.964514717763581,0.964514717763581,False
Tpot_K__min,rho_g_m_3__q75,-0.964425780312894,0.964425780312894,False
Tlog_degC__std,Tlog_degC__iqr,0.964400654898306,0.964400654898306,False
T_degC__median,Tlog_degC__q75,0.96432062098808,0.96432062098808,False
Tdew_degC__q75,sh_g_kg__max,0.964238331893895,0.964238331893895,False
Tdew_degC__q25,VPact_mbar__min,0.963889520304375,0.963889520304375,False
wd_deg__mean,wd_deg__rms,0.963741215129053,0.963741215129053,False
Tdew_degC__q25,H2OC_mmol_mol__min,0.963709840778162,0.963709840778162,False
VPmax_mbar__q75,T_degC__mean,0.963603430359555,0.963603430359555,False
T_degC__std,T_degC__iqr,0.963536315927882,0.963536315927882,False
Tpot_K__std,Tpot_K__iqr,0.963446657232612,0.963446657232612,False
Tdew_degC__max,Tdew_degC__median,0.963382855781862,0.963382855781862,False
Tdew_degC__q25,sh_g_kg__min,0.963358557457063,0.963358557457063,False
max_PAR_mol_m_s__iqr,max_PAR_mol_m_s__rms,0.963221579705372,0.963221579705372,False
T_degC__std,Tpot_K__iqr,0.963204467815383,0.963204467815383,False
VPmax_mbar__q25,Tpot_K__mean,0.963141780678766,0.963141780678766,False
max_PAR_mol_m_s__q75,max_PAR_mol_m_s__rms,0.963101206595133,0.963101206595133,False
max_PAR_mol_m_s__std,PAR_mol_m_s__max,0.963074423653118,0.963074423653118,False
max_PAR_mol_m_s__std,PAR_mol_m_s__peak_to_peak,0.963074423653118,0.963074423653118,False
rho_g_m_3__std,rho_g_m_3__peak_to_peak,0.963037619466929,0.963037619466929,False
p_mbar__std,p_mbar__iqr,0.962923452853852,0.962923452853852,False
VPmax_mbar__median,Tlog_degC__mean,0.962920266279696,0.962920266279696,False
VPmax_mbar__q25,Tpot_K__rms,0.962885231050364,0.962885231050364,False
wv_m_s__median,wv_m_s__q25,0.962719028900042,0.962719028900042,False
H2OC_mmol_mol__min,sh_g_kg__q75,0.962543872142047,0.962543872142047,False
T_degC__median,Tpot_K__max,0.962524345823496,0.962524345823496,False
H2OC_mmol_mol__min,H2OC_mmol_mol__q75,0.962506033587949,0.962506033587949,False
VPact_mbar__min,VPact_mbar__q75,0.962501563033872,0.962501563033872,False
sh_g_kg__min,sh_g_kg__q75,0.962435584157362,0.962435584157362,False
H2OC_mmol_mol__q75,sh_g_kg__min,0.962395184242844,0.962395184242844,False
H2OC_mmol_mol__min,VPact_mbar__q75,0.96235710439754,0.96235710439754,False
VPact_mbar__min,sh_g_kg__q75,0.962351769303644,0.962351769303644,False
max_wv_m_s__median,wv_m_s__rms,0.962344309232724,0.962344309232724,False
H2OC_mmol_mol__q75,VPact_mbar__min,0.962314935049387,0.962314935049387,False
VPmax_mbar__iqr,VPdef_mbar__iqr,0.962284476527585,0.962284476527585,False
VPact_mbar__q75,sh_g_kg__min,0.962247802391621,0.962247802391621,False
VPdef_mbar__max,VPdef_mbar__q75,0.962207643927623,0.962207643927623,False
T_degC__max,Tlog_degC__median,0.962127555685774,0.962127555685774,False
Tpot_K__q75,rho_g_m_3__min,-0.961951234826877,0.961951234826877,False
Tdew_degC__min,VPact_mbar__q25,0.961943938591818,0.961943938591818,False
Tpot_K__peak_to_peak,rho_g_m_3__peak_to_peak,0.961934240673969,0.961934240673969,False
Tdew_degC__min,H2OC_mmol_mol__q25,0.961921482312467,0.961921482312467,False
max_wv_m_s__rms,wv_m_s__median,0.961867976273685,0.961867976273685,False
T_degC__median,Tpot_K__q25,0.961787377988717,0.961787377988717,False
T_degC__std,Tlog_degC__std,0.961645296680836,0.961645296680836,False
T_degC__q25,Tpot_K__min,0.961621087328772,0.961621087328772,False
VPmax_mbar__max,Tlog_degC__q75,0.961571277077332,0.961571277077332,False
Tdew_degC__min,sh_g_kg__q25,0.961538859285116,0.961538859285116,False
Tpot_K__max,Tlog_degC__median,0.961530525939942,0.961530525939942,False
rho_g_m_3__min,rho_g_m_3__median,0.961379618423419,0.961379618423419,False
VPmax_mbar__rms,Tlog_degC__q75,0.96137743679699,0.96137743679699,False
T_degC__kurtosis,Tpot_K__kurtosis,0.961351700805178,0.961351700805178,False
Tpot_K__median,rho_g_m_3__mean,-0.961201687260918,0.961201687260918,False
max_wv_m_s__std,wv_m_s__std,0.961144143833916,0.961144143833916,False
VPmax_mbar__median,Tlog_degC__rms,0.960979892322348,0.960979892322348,False
Tpot_K__median,rho_g_m_3__rms,-0.960960421102925,0.960960421102925,False
Tlog_degC__mean,Tlog_degC__max,0.960951840661842,0.960951840661842,False
SWDR_W_m__peak_to_peak,max_PAR_mol_m_s__std,0.960951085875765,0.960951085875765,False
SWDR_W_m__max,max_PAR_mol_m_s__std,0.960951085875765,0.960951085875765,False
Tpot_K__rms,rho_g_m_3__min,-0.960888668374499,0.960888668374499,False
VPmax_mbar__q75,T_degC__max,0.960880271721027,0.960880271721027,False
Tpot_K__mean,rho_g_m_3__min,-0.960689765412048,0.960689765412048,False
OT__std,OT__peak_to_peak,0.960633540617356,0.960633540617356,False
max_wv_m_s__slope,wv_m_s__slope,0.96039604694528,0.96039604694528,False
p_mbar__max,p_mbar__median,0.96026732357722,0.96026732357722,False
T_degC__max,T_degC__median,0.960221515698782,0.960221515698782,False
VPmax_mbar__std,VPdef_mbar__peak_to_peak,0.960164470445809,0.960164470445809,False
Tdew_degC__mean,VPact_mbar__min,0.960013754671554,0.960013754671554,False
VPmax_mbar__max,Tlog_degC__rms,0.959993166168299,0.959993166168299,False
max_PAR_mol_m_s__std,PAR_mol_m_s__std,0.959969956057371,0.959969956057371,False
T_degC__iqr,Tpot_K__std,0.959929575110808,0.959929575110808,False
VPmax_mbar__q25,T_degC__median,0.959907355286701,0.959907355286701,False
VPmax_mbar__mean,Tlog_degC__q25,0.959858830323924,0.959858830323924,False
Tdew_degC__mean,H2OC_mmol_mol__min,0.959799665378975,0.959799665378975,False
VPmax_mbar__max,Tlog_degC__max,0.959750950768126,0.959750950768126,False
SWDR_W_m__std,max_PAR_mol_m_s__rms,0.959719490992977,0.959719490992977,False
Tdew_degC__mean,VPact_mbar__max,0.959708569328857,0.959708569328857,False
VPmax_mbar__max,T_degC__q75,0.959704003510214,0.959704003510214,False
VPmax_mbar__max,T_degC__rms,0.959571969025945,0.959571969025945,False
Tdew_degC__mean,H2OC_mmol_mol__max,0.959540256245951,0.959540256245951,False
rain_mm__std,rain_mm__max,0.95952616243117,0.95952616243117,False
rain_mm__std,rain_mm__peak_to_peak,0.95952616243117,0.95952616243117,False
VPmax_mbar__q75,Tpot_K__max,0.959516527731784,0.959516527731784,False
VPmax_mbar__max,VPmax_mbar__median,0.959502960196662,0.959502960196662,False
Tdew_degC__mean,sh_g_kg__min,0.959439396206791,0.959439396206791,False
rh__q25,rh__rms,0.959416479907171,0.959416479907171,False
VPmax_mbar__median,Tpot_K__rms,0.959389438297568,0.959389438297568,False
SWDR_W_m__mean,PAR_mol_m_s__std,0.959371862135546,0.959371862135546,False
p_mbar__min,p_mbar__median,0.959361038776597,0.959361038776597,False
Tpot_K__max,Tpot_K__median,0.959337562769544,0.959337562769544,False
Tdew_degC__mean,sh_g_kg__max,0.959276431031689,0.959276431031689,False
VPmax_mbar__median,Tpot_K__mean,0.959254731279282,0.959254731279282,False
Tdew_degC__min,H2OC_mmol_mol__mean,0.959217063524007,0.959217063524007,False
Tdew_degC__min,VPact_mbar__mean,0.959195190025792,0.959195190025792,False
VPmax_mbar__q25,Tpot_K__median,0.959109816855111,0.959109816855111,False
Tdew_degC__min,sh_g_kg__mean,0.958892745975988,0.958892745975988,False
VPmax_mbar__rms,Tpot_K__max,0.958868107992984,0.958868107992984,False
Tdew_degC__min,Tdew_degC__q75,0.958851339147758,0.958851339147758,False
Tdew_degC__max,VPact_mbar__q75,0.958782704411946,0.958782704411946,False
raining_s__q75,raining_s__iqr,0.958658971837304,0.958658971837304,False
SWDR_W_m__zero_crossing_rate,PAR_mol_m_s__zero_crossing_rate,0.958652135732113,0.958652135732113,False
max_wv_m_s__median,wv_m_s__q75,0.958651533193416,0.958651533193416,False
Tdew_degC__max,H2OC_mmol_mol__q75,0.958610288784601,0.958610288784601,False
VPmax_mbar__q25,Tlog_degC__min,0.958534170328078,0.958534170328078,False
T_degC__std,rho_g_m_3__std,0.958499399545929,0.958499399545929,False
VPmax_mbar__rms,T_degC__max,0.958379214223501,0.958379214223501,False
VPdef_mbar__median,VPdef_mbar__q75,0.958315544432611,0.958315544432611,False
T_degC__q75,Tlog_degC__max,0.958314998702545,0.958314998702545,False
Tdew_degC__max,sh_g_kg__q75,0.958279436946444,0.958279436946444,False
PAR_mol_m_s__mean,PAR_mol_m_s__std,0.958212532767176,0.958212532767176,False
VPmax_mbar__skew,Tpot_K__skew,0.958197005001065,0.958197005001065,False
rh__std,rh__peak_to_peak,0.958194612568699,0.958194612568699,False
Tdew_degC__q25,VPact_mbar__q75,0.958175440614323,0.958175440614323,False
VPdef_mbar__q75,VPdef_mbar__iqr,0.958155831068282,0.958155831068282,False
Tdew_degC__q25,H2OC_mmol_mol__q75,0.958056382212864,0.958056382212864,False
T_degC__q25,Tlog_degC__mean,0.957930418309013,0.957930418309013,False
VPmax_mbar__q25,T_degC__rms,0.957751155227999,0.957751155227999,False
Tdew_degC__q25,sh_g_kg__q75,0.957744357901696,0.957744357901696,False
max_wv_m_s__median,max_wv_m_s__q25,0.957731527655882,0.957731527655882,False
Tdew_degC__min,H2OC_mmol_mol__rms,0.957561588995535,0.957561588995535,False
Tdew_degC__min,VPact_mbar__rms,0.957552299121665,0.957552299121665,False
Tdew_degC__min,sh_g_kg__rms,0.957235713033656,0.957235713033656,False
Tpot_K__std,Tlog_degC__std,0.957144772599419,0.957144772599419,False
VPmax_mbar__mean,Tlog_degC__q75,0.957123675290213,0.957123675290213,False
SWDR_W_m__mean,SWDR_W_m__std,0.956707048105419,0.956707048105419,False
VPmax_mbar__max,Tlog_degC__mean,0.956635360382103,0.956635360382103,False
VPmax_mbar__median,T_degC__q75,0.956632855695064,0.956632855695064,False
rh__q75,rh__rms,0.956554632006639,0.956554632006639,False
rh__std,rh__iqr,0.956477842537696,0.956477842537696,False
VPmax_mbar__q25,T_degC__min,0.956435736299791,0.956435736299791,False
Tdew_degC__max,VPact_mbar__rms,0.956359258873379,0.956359258873379,False
VPmax_mbar__kurtosis,T_degC__kurtosis,0.956228357399615,0.956228357399615,False
Tdew_degC__max,H2OC_mmol_mol__rms,0.956159742872496,0.956159742872496,False
max_wv_m_s__q25,wv_m_s__median,0.956069687602072,0.956069687602072,False
T_degC__iqr,rho_g_m_3__iqr,0.956046526088299,0.956046526088299,False
SWDR_W_m__std,max_PAR_mol_m_s__std,0.956029563790996,0.956029563790996,False
VPmax_mbar__min,T_degC__q25,0.955999165655057,0.955999165655057,False
wv_m_s__mean,wv_m_s__q25,0.955898445967715,0.955898445967715,False
Tdew_degC__q75,VPact_mbar__q25,0.955886321305742,0.955886321305742,False
VPmax_mbar__peak_to_peak,VPdef_mbar__max,0.955877720492268,0.955877720492268,False
Tdew_degC__max,sh_g_kg__rms,0.955844707754219,0.955844707754219,False
Tdew_degC__min,H2OC_mmol_mol__median,0.955820600953967,0.955820600953967,False
Tdew_degC__diff_mean,H2OC_mmol_mol__diff_mean,0.955757359762098,0.955757359762098,False
Tdew_degC__min,VPact_mbar__median,0.955756452274948,0.955756452274948,False
rho_g_m_3__max,rho_g_m_3__rms,0.955712725453622,0.955712725453622,False
Tdew_degC__q75,H2OC_mmol_mol__q25,0.955583606732689,0.955583606732689,False
rho_g_m_3__std,rho_g_m_3__iqr,0.955572813413739,0.955572813413739,False
VPmax_mbar__iqr,VPdef_mbar__std,0.955570103679126,0.955570103679126,False
T_degC__q25,Tlog_degC__median,0.955476344023194,0.955476344023194,False
Tdew_degC__min,sh_g_kg__median,0.955463589852922,0.955463589852922,False
max_PAR_mol_m_s__rms,PAR_mol_m_s__mean,0.955346925536041,0.955346925536041,False
Tdew_degC__diff_mean,VPact_mbar__diff_mean,0.955323807507435,0.955323807507435,False
VPmax_mbar__mean,Tpot_K__max,0.955251846428051,0.955251846428051,False
rho_g_m_3__mean,rho_g_m_3__max,0.95523808526729,0.95523808526729,False
Tdew_degC__q75,sh_g_kg__q25,0.955222586399358,0.955222586399358,False
VPact_mbar__zero_crossing_rate,sh_g_kg__zero_crossing_rate,0.955146995167832,0.955146995167832,False
Tdew_degC__diff_mean,sh_g_kg__diff_mean,0.95512527561892,0.95512527561892,False
VPmax_mbar__q75,Tpot_K__median,0.955067048079821,0.955067048079821,False
VPmax_mbar__mean,T_degC__q25,0.955006214107326,0.955006214107326,False
max_wv_m_s__mean,max_wv_m_s__q25,0.954562021183395,0.954562021183395,False
SWDR_W_m__skew,max_PAR_mol_m_s__skew,0.954522247581501,0.954522247581501,False
VPact_mbar__max,VPact_mbar__q25,0.954452270250069,0.954452270250069,False
Tdew_degC__max,VPact_mbar__mean,0.95435599055205,0.95435599055205,False
VPmax_mbar__median,Tpot_K__q75,0.954274845123332,0.954274845123332,False
VPact_mbar__q25,sh_g_kg__max,0.954146212741493,0.954146212741493,False
Tdew_degC__max,H2OC_mmol_mol__mean,0.954138750279389,0.954138750279389,False
T_degC__max,Tpot_K__rms,0.954053626481286,0.954053626481286,False
H2OC_mmol_mol__max,VPact_mbar__q25,0.954048926880215,0.954048926880215,False
H2OC_mmol_mol__q25,sh_g_kg__max,0.954037547718609,0.954037547718609,False
VPmax_mbar__rms,Tlog_degC__q25,0.954032921840827,0.954032921840827,False
VPmax_mbar__min,Tpot_K__q25,0.953995670096375,0.953995670096375,False
H2OC_mmol_mol__q25,VPact_mbar__max,0.953991680342723,0.953991680342723,False
sh_g_kg__max,sh_g_kg__q25,0.953976732017399,0.953976732017399,False
H2OC_mmol_mol__max,H2OC_mmol_mol__q25,0.95394113968357,0.95394113968357,False
VPmax_mbar__mean,T_degC__max,0.953936942689591,0.953936942689591,False
VPact_mbar__max,sh_g_kg__q25,0.953928566669722,0.953928566669722,False
VPdef_mbar__iqr,VPdef_mbar__peak_to_peak,0.95391280942068,0.95391280942068,False
H2OC_mmol_mol__max,sh_g_kg__q25,0.953877064555976,0.953877064555976,False
Tdew_degC__median,VPact_mbar__min,0.95382350457166,0.95382350457166,False
SWDR_W_m__std,PAR_mol_m_s__mean,0.953820378669238,0.953820378669238,False
Tdew_degC__max,sh_g_kg__mean,0.953817078607351,0.953817078607351,False
max_wv_m_s__max,wv_m_s__max,0.953791128610226,0.953791128610226,False
T_degC__max,Tpot_K__mean,0.953587848430378,0.953587848430378,False
Tdew_degC__median,H2OC_mmol_mol__min,0.953586680208116,0.953586680208116,False
T_degC__min,Tlog_degC__q25,0.953442827691452,0.953442827691452,False
Tpot_K__slope,rho_g_m_3__slope,-0.95340473534171,0.95340473534171,False
Tdew_degC__median,sh_g_kg__min,0.953208907031459,0.953208907031459,False
VPmax_mbar__q75,Tpot_K__rms,0.953078930077234,0.953078930077234,False
Tdew_degC__kurtosis,VPact_mbar__kurtosis,0.953060366514116,0.953060366514116,False
max_PAR_mol_m_s__peak_to_peak,PAR_mol_m_s__max,0.952978711814955,0.952978711814955,False
max_PAR_mol_m_s__peak_to_peak,PAR_mol_m_s__peak_to_peak,0.952978711814955,0.952978711814955,False
max_PAR_mol_m_s__max,PAR_mol_m_s__peak_to_peak,0.952978711814955,0.952978711814955,False
max_PAR_mol_m_s__max,PAR_mol_m_s__max,0.952978711814955,0.952978711814955,False
SWDR_W_m__mean,max_PAR_mol_m_s__rms,0.95281649625438,0.95281649625438,False
Tpot_K__rms,Tlog_degC__q75,0.952729357897785,0.952729357897785,False
VPmax_mbar__q75,Tpot_K__mean,0.952704908897261,0.952704908897261,False
rain_mm__skew,rain_mm__kurtosis,0.952548389935162,0.952548389935162,False
rho_g_m_3__q25,rho_g_m_3__q75,0.952465971213859,0.952465971213859,False
Tdew_degC__median,VPact_mbar__max,0.952348725861663,0.952348725861663,False
max_wv_m_s__min,wv_m_s__min,0.952329374154468,0.952329374154468,False
Tpot_K__mean,Tlog_degC__q75,0.952273303121605,0.952273303121605,False
max_PAR_mol_m_s__mean,PAR_mol_m_s__q75,0.952172266732616,0.952172266732616,False
max_PAR_mol_m_s__skew,PAR_mol_m_s__skew,0.952138378057491,0.952138378057491,False
Tdew_degC__median,H2OC_mmol_mol__max,0.952124669942892,0.952124669942892,False
Tpot_K__q75,Tlog_degC__q25,0.952006575340933,0.952006575340933,False
Tpot_K__median,Tlog_degC__q75,0.951903605231542,0.951903605231542,False
Tdew_degC__median,sh_g_kg__max,0.951869798857066,0.951869798857066,False
T_degC__q75,Tlog_degC__q25,0.951350332060369,0.951350332060369,False
Tpot_K__median,rho_g_m_3__min,-0.951230529556344,0.951230529556344,False
Tdew_degC__kurtosis,H2OC_mmol_mol__kurtosis,0.951165470947121,0.951165470947121,False
rh__median,rh__q25,0.951118950483331,0.951118950483331,False
Tpot_K__mean,Tlog_degC__min,0.951054651403015,0.951054651403015,False
VPmax_mbar__max,Tpot_K__q75,0.950943204977955,0.950943204977955,False
VPdef_mbar__skew,rh__skew,-0.950940013698438,0.950940013698438,False
T_degC__rms,Tpot_K__q25,0.950862117908761,0.950862117908761,False
T_degC__q25,Tlog_degC__rms,0.9507893782142,0.9507893782142,False
Tpot_K__rms,Tlog_degC__min,0.950661545803986,0.950661545803986,False
max_PAR_mol_m_s__mean,PAR_mol_m_s__iqr,0.950647217775574,0.950647217775574,False
Tpot_K__peak_to_peak,rho_g_m_3__std,0.950391288022559,0.950391288022559,False
Tdew_degC__kurtosis,sh_g_kg__kurtosis,0.950372053914616,0.950372053914616,False
T_degC__rms,Tlog_degC__max,0.950287930541736,0.950287930541736,False
rh__min,rh__q25,0.9502017025398,0.9502017025398,False
VPmax_mbar__median,Tlog_degC__q25,0.950138258048683,0.950138258048683,False
